{
  "posts": [
    {
      "fullName": "salman",
      "email": "salman@gmail.com",
      "password": "123456",
      "id": 1
    }
  ],
  "users": {
    "fullName": "salman",
    "age": 22
  },
  "comments": [],
  "profile": [
    {
      "id": 1,
      "name": "saran",
      "occupation": "Google developer",
      "location": "Delhi",
      "skills": [
        "c",
        "Angular",
        "java"
      ]
    },
    {
      "id": 2,
      "name": "potter",
      "occupation": "CTS developer",
      "location": "Bangalore",
      "skills": [
        "c",
        "Reactjs",
        "Java",
        "Angular",
        "Vuejs"
      ]
    }
  ]
}